name,main_category,ratings,no_of_ratings,discount_price,text_for_embedding
Floxum V-Neck Button Cardigan Babylock Full Sleeves Ribbed Top,apparel_womens,3.3,3,479.0,apparel_womens:Floxum V-Neck Button Cardigan Babylock Full Sleeves Ribbed Top
Amante Every de Carefree Confidence T-Shirt Bra,apparel_womens,3.8,85,369.0,apparel_womens:Amante Every de Carefree Confidence T-Shirt Bra
ANNI DESIGNER Women's Cotton Blend Straight Printed Kurta with Pant (Funnu Blue New),apparel_womens,3.8,386,419.0,apparel_womens:ANNI DESIGNER Women's Cotton Blend Straight Printed Kurta with Pant (Funnu Blue New)
Vorcia Febtex Combo of 2 Feeding Kurti | Kurtis | 3/4th Sleeves Kurti | Rayon Kurti | Maternity wear | Women Kurti,apparel_womens,4.5,3,799.0,apparel_womens:Vorcia Febtex Combo of 2 Feeding Kurti | Kurtis | 3/4th Sleeves Kurti | Rayon Kurti | Maternity wear | Women Kurti
JAIPUR HAND BLOCK Womens Cotton Long White Holi Kurta,apparel_womens,5.0,1,499.0,apparel_womens:JAIPUR HAND BLOCK Womens Cotton Long White Holi Kurta
TOPLOT Sleeveless Black Top for Women,apparel_womens,4.0,19,399.0,apparel_womens:TOPLOT Sleeveless Black Top for Women
Clovia Women's Cotton Rich Non-Padded Non-Wired Bra with Double Layered Cups,apparel_womens,3.7,2405,259.0,apparel_womens:Clovia Women's Cotton Rich Non-Padded Non-Wired Bra with Double Layered Cups
Amazon Brand - Myx Women's Cotton Kurta,apparel_womens,4.0,811,282.0,apparel_womens:Amazon Brand - Myx Women's Cotton Kurta
Calendar Women's Plain Weave Georgette Printed Silk Saree With Unstitched Blouse Piece,apparel_womens,3.4,206,795.0,apparel_womens:Calendar Women's Plain Weave Georgette Printed Silk Saree With Unstitched Blouse Piece
Lovable Women's Cotton Brief (Pack of 3)(Colors May Vary),apparel_womens,3.8,261,660.0,apparel_womens:Lovable Women's Cotton Brief (Pack of 3)(Colors May Vary)
GLARE & BLAIR Ribbed Sleeveless Tank Bodycon Mini Cami Dress for Women,apparel_womens,4.2,14,489.0,apparel_womens:GLARE & BLAIR Ribbed Sleeveless Tank Bodycon Mini Cami Dress for Women
MORE N MORE TRENDZ Embroidered Banarasi With Diamond Work Organza Saree,apparel_womens,5.0,3,1690.0,apparel_womens:MORE N MORE TRENDZ Embroidered Banarasi With Diamond Work Organza Saree
"Zivame Women's Synthetic Non Padded Wire Free T-Shirt, Molded Bra",apparel_womens,4.1,1021,314.0,"apparel_womens:Zivame Women's Synthetic Non Padded Wire Free T-Shirt, Molded Bra"
"Miraan Cotton Printed Readymade Salwar Suit For Women(BANDCOLOR805, Grey)",apparel_womens,3.7,188,845.0,"apparel_womens:Miraan Cotton Printed Readymade Salwar Suit For Women(BANDCOLOR805, Grey)"
S.K. Textiles Women's Satin Petticoat (SKT19_White_Medium) (41-45 inches waist),apparel_womens,3.7,48,285.0,apparel_womens:S.K. Textiles Women's Satin Petticoat (SKT19_White_Medium) (41-45 inches waist)
OM SAI LATEST CREATION Women's Cotton Polyester Blended Regular Fit Solid Top | Casual 1/3 Sleeve Tops for Girls,apparel_womens,4.5,2,239.0,apparel_womens:OM SAI LATEST CREATION Women's Cotton Polyester Blended Regular Fit Solid Top | Casual 1/3 Sleeve Tops for Girls
Puma Women Cap,apparel_womens,4.0,1,519.0,apparel_womens:Puma Women Cap
AKHILAM Women's Organza Woven Design Saree With Unstitched Blouse Piece (KANCHI3001_Parent),apparel_womens,4.1,6,1129.0,apparel_womens:AKHILAM Women's Organza Woven Design Saree With Unstitched Blouse Piece (KANCHI3001_Parent)
AISLIN® UV Protected Oval Sunglasses for Women,apparel_womens,4.1,416,598.0,apparel_womens:AISLIN® UV Protected Oval Sunglasses for Women
Janasya Women's Gold Poly Silk Solid Kurta with Pant and Dupatta,apparel_womens,3.9,1120,849.0,apparel_womens:Janasya Women's Gold Poly Silk Solid Kurta with Pant and Dupatta
ANNI DESIGNER Women's Cotton Straight Printed Kurta with Pant & Dupatta (SHIPRA Light GREEN-Jan01),apparel_womens,3.5,13,499.0,apparel_womens:ANNI DESIGNER Women's Cotton Straight Printed Kurta with Pant & Dupatta (SHIPRA Light GREEN-Jan01)
cotton MalMal Saree hand block red colour,apparel_womens,3.5,2,773.0,apparel_womens:cotton MalMal Saree hand block red colour
Fashion & Heritage - Delivering Ethnicity Women's Solid Cotton Pichoda (SBSC_FHCD_PRI_VERI_066_Red_Free Size),apparel_womens,4.0,4,679.0,apparel_womens:Fashion & Heritage - Delivering Ethnicity Women's Solid Cotton Pichoda (SBSC_FHCD_PRI_VERI_066_Red_Free Size)
"Urban_Made Women Summer Wide Brim Straw Hat with Long Ribbon, Fedora Sun Hat for Girls & Women",apparel_womens,5.0,1,425.0,"apparel_womens:Urban_Made Women Summer Wide Brim Straw Hat with Long Ribbon, Fedora Sun Hat for Girls & Women"
"Dream Beauty Fashion Women's Full Sleeve Round Neck Printed Fitted Tee - 23"" Inches (Jiya-Top)",apparel_womens,5.0,1,429.0,"apparel_womens:Dream Beauty Fashion Women's Full Sleeve Round Neck Printed Fitted Tee - 23"" Inches (Jiya-Top)"
Royal Export Women's Straight Floral Printed Kurta Pant & Dupatta,apparel_womens,4.7,16,799.0,apparel_womens:Royal Export Women's Straight Floral Printed Kurta Pant & Dupatta
BIBA Printed Cotton Round Neck Womens Salwar Kurta Dupatta Sets,apparel_womens,2.4,7,1259.0,apparel_womens:BIBA Printed Cotton Round Neck Womens Salwar Kurta Dupatta Sets
Ada Women's Cotton Straight Top Tunic Lucknowi Hand Embroidered Chikankari Short Kurti A100131 Black,apparel_womens,4.1,124,948.0,apparel_womens:Ada Women's Cotton Straight Top Tunic Lucknowi Hand Embroidered Chikankari Short Kurti A100131 Black
AKADO Seamless Thongs for Women Breathable Low Rise Panties Invisible Hipster Underwear Thong No Show Multicolor Free Size...,apparel_womens,1.0,1,365.0,apparel_womens:AKADO Seamless Thongs for Women Breathable Low Rise Panties Invisible Hipster Underwear Thong No Show Multicolor Free Size...
CINOON Women Sexy Cotton 2 Piece Bra and Panties Lingerie Set for Honeymoon | Anniversary | Everyday Bra Panty Combo,apparel_womens,5.0,4,449.0,apparel_womens:CINOON Women Sexy Cotton 2 Piece Bra and Panties Lingerie Set for Honeymoon | Anniversary | Everyday Bra Panty Combo
eS³kube Facial Make-Up Face Wash Velvet Strip Headband Yoga Sports Adjustable Elastic Hair Band For Girls & Women Beauty T...,apparel_womens,4.2,235,170.0,apparel_womens:eS³kube Facial Make-Up Face Wash Velvet Strip Headband Yoga Sports Adjustable Elastic Hair Band For Girls & Women Beauty T...
Clovia Women's Cotton High Waist Hipster with Lace & Powernet,apparel_womens,3.8,51,184.0,apparel_womens:Clovia Women's Cotton High Waist Hipster with Lace & Powernet
Van Heusen Women Casual Shorts,apparel_womens,4.2,26,636.0,apparel_womens:Van Heusen Women Casual Shorts
KG Best Collection Women Cotton Shawl Collar Pocket Shrug,apparel_womens,3.4,45,299.0,apparel_womens:KG Best Collection Women Cotton Shawl Collar Pocket Shrug
DIAMO Women Rajasthani Traditional Silk bandhej dupatta for Women/Girls,apparel_womens,5.0,2,301.0,apparel_womens:DIAMO Women Rajasthani Traditional Silk bandhej dupatta for Women/Girls
Indietoga Women's Floral Printed Long Fit and Flare Maxi Dresses (Small to Plus Sizes 10XL),apparel_womens,3.6,275,662.0,apparel_womens:Indietoga Women's Floral Printed Long Fit and Flare Maxi Dresses (Small to Plus Sizes 10XL)
Satrani Women's Dupatta,apparel_womens,3.9,388,269.0,apparel_womens:Satrani Women's Dupatta
Besick Main Character Energy Oversized fit Drop Shoulders Minimal Printed Tshirts for Men Women,apparel_womens,5.0,2,569.0,apparel_womens:Besick Main Character Energy Oversized fit Drop Shoulders Minimal Printed Tshirts for Men Women
Miss Chase Women's Black Regular Length Mid Rise Clean Look Regular Fit Denim Joggers,apparel_womens,3.7,181,799.0,apparel_womens:Miss Chase Women's Black Regular Length Mid Rise Clean Look Regular Fit Denim Joggers
"Dream Beauty Fashion Women's High Waist Bell Bottom Trouser, Elastic Flared Bootcut Pants, Stretchy Parallel Leg for Casua...",apparel_womens,3.6,151,379.0,"apparel_womens:Dream Beauty Fashion Women's High Waist Bell Bottom Trouser, Elastic Flared Bootcut Pants, Stretchy Parallel Leg for Casua..."
Xeonex Women Babydoll Lingerie Set for Honeymoon for Woman Thongs | Sexy Night Dress Above Knee Baby Doll Night Dress | Tr...,apparel_womens,1.4,3,109.0,apparel_womens:Xeonex Women Babydoll Lingerie Set for Honeymoon for Woman Thongs | Sexy Night Dress Above Knee Baby Doll Night Dress | Tr...
BAILEY SELLS Women's Hosiery Cotton Nighty Solid Midi Slip Nightgown Sleeveless Maxi Nightdress Sleepwear Camisole Chemise...,apparel_womens,1.0,1,499.0,apparel_womens:BAILEY SELLS Women's Hosiery Cotton Nighty Solid Midi Slip Nightgown Sleeveless Maxi Nightdress Sleepwear Camisole Chemise...
Levi's Women T-Shirt,apparel_womens,4.3,150,484.0,apparel_womens:Levi's Women T-Shirt
Phenomenal Oval Sunglasses For women Brown,apparel_womens,1.0,3,199.0,apparel_womens:Phenomenal Oval Sunglasses For women Brown
Aadvi Enterprise Straight fit jeans for Women's|High Waist Regular Fit Boyfriend Jeans for Girl's|Mom fit Jeans for ladies,apparel_womens,5.0,3,644.0,apparel_womens:Aadvi Enterprise Straight fit jeans for Women's|High Waist Regular Fit Boyfriend Jeans for Girl's|Mom fit Jeans for ladies
Lux Cottswool Women's Thermal Top and Lower Set,apparel_womens,4.1,143,874.0,apparel_womens:Lux Cottswool Women's Thermal Top and Lower Set
Samajh Women's Pure Cotton Chikankari Embroidery Work Straight Calf Length Kurti,apparel_womens,3.7,46,849.0,apparel_womens:Samajh Women's Pure Cotton Chikankari Embroidery Work Straight Calf Length Kurti
MANSORY ENTERPRISE Women’s Unstitched Khadi Fabric Salwar Suit Dress Material With Bandhani Silk Dupatta Set,apparel_womens,3.1,7,790.0,apparel_womens:MANSORY ENTERPRISE Women’s Unstitched Khadi Fabric Salwar Suit Dress Material With Bandhani Silk Dupatta Set
RADHA LAKSHMI Women's Kanjivaram Banarasi Soft Silk Saree With Blouse piece(AG Visa),apparel_womens,1.0,2,949.0,apparel_womens:RADHA LAKSHMI Women's Kanjivaram Banarasi Soft Silk Saree With Blouse piece(AG Visa)
AJ FASHIONS Women's Cotton Tummy Control Panties (Pack of 3),apparel_womens,3.3,1290,298.0,apparel_womens:AJ FASHIONS Women's Cotton Tummy Control Panties (Pack of 3)
Red Chief Leather Casual Shoes for Men (RC3733),footwear_mens,3.4,3,2249.0,footwear_mens:Red Chief Leather Casual Shoes for Men (RC3733)
Bond Street by (Red Tape) Mens Moccasins,footwear_mens,2.4,8,1890.0,footwear_mens:Bond Street by (Red Tape) Mens Moccasins
Shoefly mens Grey New_(s)-1215 Sneaker,footwear_mens,3.5,8,378.0,footwear_mens:Shoefly mens Grey New_(s)-1215 Sneaker
Bacca Bucci Men's Nirvana Low Top Flat Sole Casual Sneakers for Men,footwear_mens,3.6,44,1398.0,footwear_mens:Bacca Bucci Men's Nirvana Low Top Flat Sole Casual Sneakers for Men
KNOOS Men's Synthetic Leather Brown Loafers (BOB1010-BR),footwear_mens,2.8,21,499.0,footwear_mens:KNOOS Men's Synthetic Leather Brown Loafers (BOB1010-BR)
Casual & Daily Use Bellies,footwear_mens,5.0,2,349.0,footwear_mens:Casual & Daily Use Bellies
Centrino Mens 6002-02 Sneaker,footwear_mens,3.2,83,909.0,footwear_mens:Centrino Mens 6002-02 Sneaker
generic men women hidden loafer casual socks for shoes 6 pcs,footwear_mens,3.2,2,257.0,footwear_mens:generic men women hidden loafer casual socks for shoes 6 pcs
"SPENO Men's Black Synthetic Loafers for Men, 10 UK (ANIL-015-BLACK-10)",footwear_mens,3.9,6,299.0,"footwear_mens:SPENO Men's Black Synthetic Loafers for Men, 10 UK (ANIL-015-BLACK-10)"
Reebok Men's Club C 85 Tennis Shoes,footwear_mens,4.6,1336,4129.0,footwear_mens:Reebok Men's Club C 85 Tennis Shoes
2N2 Men's Casual Loafers Shoes,footwear_mens,2.0,1,449.0,footwear_mens:2N2 Men's Casual Loafers Shoes
WORLD WEAR FOOTWEAR Women's Combo Pack of 2 Collection Casual Loafer Sneakers Shoes (Multicolour),footwear_mens,5.0,1,569.0,footwear_mens:WORLD WEAR FOOTWEAR Women's Combo Pack of 2 Collection Casual Loafer Sneakers Shoes (Multicolour)
Centrino Men 1129 Sneakers,footwear_mens,3.3,228,449.0,footwear_mens:Centrino Men 1129 Sneakers
Woodland Men's Gb 3066118gpt Ankle Boot,footwear_mens,5.0,2,3156.0,footwear_mens:Woodland Men's Gb 3066118gpt Ankle Boot
Puma Men Sneakers,footwear_mens,3.6,106,1886.0,footwear_mens:Puma Men Sneakers
Red Chief Leather with Lace Casual Shoes for Men RC3431,footwear_mens,3.5,695,2254.0,footwear_mens:Red Chief Leather with Lace Casual Shoes for Men RC3431
Delize Men's Black/tan/grey Derby Boots,footwear_mens,3.0,1,4599.0,footwear_mens:Delize Men's Black/tan/grey Derby Boots
GULASS WICK Men's Synthetic Lace Up Casual Shoes (Tan),footwear_mens,3.3,9,584.0,footwear_mens:GULASS WICK Men's Synthetic Lace Up Casual Shoes (Tan)
MUTAQINOTI Men's Tan Classic Italian Leather Loafer Casual Formal Slip On Shoes,footwear_mens,5.0,1,1499.0,footwear_mens:MUTAQINOTI Men's Tan Classic Italian Leather Loafer Casual Formal Slip On Shoes
Puma Unisex-Adult Prevail Ir Reality Blue Turquoise-whispe Sneakers,footwear_mens,5.0,3,3926.0,footwear_mens:Puma Unisex-Adult Prevail Ir Reality Blue Turquoise-whispe Sneakers
TARQ Casual Sneakers Stylish Fancy and Comfort Shoes for Men,footwear_mens,2.9,79,449.0,footwear_mens:TARQ Casual Sneakers Stylish Fancy and Comfort Shoes for Men
Pro by Khadim's Men's Black Running Sports Shoes,footwear_mens,3.8,18,720.0,footwear_mens:Pro by Khadim's Men's Black Running Sports Shoes
DIGITUS CRUCIS Men's Running Sports Gym Lightweight Sneakers White Shoes,footwear_mens,5.0,1,349.0,footwear_mens:DIGITUS CRUCIS Men's Running Sports Gym Lightweight Sneakers White Shoes
BUCIK Synthetic Leather Lace-Up Casual/Walking/Sneakers for Men,footwear_mens,5.0,4,764.0,footwear_mens:BUCIK Synthetic Leather Lace-Up Casual/Walking/Sneakers for Men
Men's Black Lofer Shoes,footwear_mens,5.0,2,430.0,footwear_mens:Men's Black Lofer Shoes
Woodland Mens Gc 2509117 Sneaker,footwear_mens,3.9,172,2596.0,footwear_mens:Woodland Mens Gc 2509117 Sneaker
tresmode Casual Leather Loafer for Men,footwear_mens,5.0,3,3200.0,footwear_mens:tresmode Casual Leather Loafer for Men
Fila Mens SOLIEVE Casual Shoes,footwear_mens,1.0,1,1999.0,footwear_mens:Fila Mens SOLIEVE Casual Shoes
"Zenwear Multicolor Casual Loafers, Sneakers Shoes for Men Pack of 2",footwear_mens,3.0,60,549.0,"footwear_mens:Zenwear Multicolor Casual Loafers, Sneakers Shoes for Men Pack of 2"
Liberty Mens Bumper Sneaker,footwear_mens,3.8,51,467.0,footwear_mens:Liberty Mens Bumper Sneaker
Liberty Men JOHL-202 Formal Shoes,footwear_mens,1.0,2,3039.0,footwear_mens:Liberty Men JOHL-202 Formal Shoes
Sparx Men's Running Shoes,footwear_mens,4.2,4807,1299.0,footwear_mens:Sparx Men's Running Shoes
LOUIS STITCH Men's Handmade Tortilla Brown Genuine Leather Moccasins Loafers for Men,footwear_mens,5.0,1,1569.0,footwear_mens:LOUIS STITCH Men's Handmade Tortilla Brown Genuine Leather Moccasins Loafers for Men
Shoefly Men's Trendy & Stylish Sports Sneakers Shoes,footwear_mens,3.1,8,299.0,footwear_mens:Shoefly Men's Trendy & Stylish Sports Sneakers Shoes
Skechers Mens Bobs Sparrow 2.0 Sneaker,footwear_mens,5.0,1,3460.0,footwear_mens:Skechers Mens Bobs Sparrow 2.0 Sneaker
KNOOS Genuine Leatherformal shoes-S7-7704,footwear_mens,5.0,1,999.0,footwear_mens:KNOOS Genuine Leatherformal shoes-S7-7704
Centrino Mens 1151 Sneakers,footwear_mens,3.5,200,799.0,footwear_mens:Centrino Mens 1151 Sneakers
VELOUR INDIA Zardozi Hand Embroidery Navy Blue Velvet Loafers Handmade Casual Shoes for Men,footwear_mens,3.0,1,1299.0,footwear_mens:VELOUR INDIA Zardozi Hand Embroidery Navy Blue Velvet Loafers Handmade Casual Shoes for Men
Centrino Mens 6017-01 Sneaker,footwear_mens,2.6,30,1079.0,footwear_mens:Centrino Mens 6017-01 Sneaker
Puma Unisex-Adult Electron 2.0 Walking Shoe,footwear_mens,4.4,3,4199.0,footwear_mens:Puma Unisex-Adult Electron 2.0 Walking Shoe
GULASS WICK Men Synthetic Lace Up Casual Shoes and Loafers Shoes (Black),footwear_mens,1.4,4,584.0,footwear_mens:GULASS WICK Men Synthetic Lace Up Casual Shoes and Loafers Shoes (Black)
LOUIS STITCH Men's Federal Blue Italian Suede Leather Loafer Tassel Penny Casual Loafers for Men (Prague SUTA) - 10 UK,footwear_mens,5.0,2,1699.0,footwear_mens:LOUIS STITCH Men's Federal Blue Italian Suede Leather Loafer Tassel Penny Casual Loafers for Men (Prague SUTA) - 10 UK
Puma Men's Cabimas Idp Sneakers,footwear_mens,3.8,86,2799.0,footwear_mens:Puma Men's Cabimas Idp Sneakers
Axter Men's Sports Sneakers Shoes,footwear_mens,3.0,2,349.0,footwear_mens:Axter Men's Sports Sneakers Shoes
Men's Elevator Height Increasing Brouge Casual Ankel Boots,footwear_mens,2.8,11,1799.0,footwear_mens:Men's Elevator Height Increasing Brouge Casual Ankel Boots
MAX Men Canvas Shoes (SU21MFCS1075GREY_GREY_41),footwear_mens,5.0,1,482.09,footwear_mens:MAX Men Canvas Shoes (SU21MFCS1075GREY_GREY_41)
Bond Street by (Red Tape) Mens Moccasins,footwear_mens,2.1,78,841.0,footwear_mens:Bond Street by (Red Tape) Mens Moccasins
"Bikers Boots : High Ankle Leather Boots for Men, Trekking, Hiking, Driving with High Performance Rubber Sole. Sizes 5 to 1...",footwear_mens,5.0,1,3500.0,"footwear_mens:Bikers Boots : High Ankle Leather Boots for Men, Trekking, Hiking, Driving with High Performance Rubber Sole. Sizes 5 to 1..."
Amico Men's Fashion Sandals White,footwear_mens,3.3,7,499.0,footwear_mens:Amico Men's Fashion Sandals White
Bourge Mens Magic-z9 Sneakers,footwear_mens,3.7,118,459.0,footwear_mens:Bourge Mens Magic-z9 Sneakers
Floxum V-Neck Button Cardigan Babylock Full Sleeves Ribbed Top,apparel_womens,3.3,3,479.0,apparel_womens:Floxum V-Neck Button Cardigan Babylock Full Sleeves Ribbed Top
Amante Every de Carefree Confidence T-Shirt Bra,apparel_womens,3.8,85,369.0,apparel_womens:Amante Every de Carefree Confidence T-Shirt Bra
ANNI DESIGNER Women's Cotton Blend Straight Printed Kurta with Pant (Funnu Blue New),apparel_womens,3.8,386,419.0,apparel_womens:ANNI DESIGNER Women's Cotton Blend Straight Printed Kurta with Pant (Funnu Blue New)
Vorcia Febtex Combo of 2 Feeding Kurti | Kurtis | 3/4th Sleeves Kurti | Rayon Kurti | Maternity wear | Women Kurti,apparel_womens,4.5,3,799.0,apparel_womens:Vorcia Febtex Combo of 2 Feeding Kurti | Kurtis | 3/4th Sleeves Kurti | Rayon Kurti | Maternity wear | Women Kurti
JAIPUR HAND BLOCK Womens Cotton Long White Holi Kurta,apparel_womens,5.0,1,499.0,apparel_womens:JAIPUR HAND BLOCK Womens Cotton Long White Holi Kurta
TOPLOT Sleeveless Black Top for Women,apparel_womens,4.0,19,399.0,apparel_womens:TOPLOT Sleeveless Black Top for Women
Clovia Women's Cotton Rich Non-Padded Non-Wired Bra with Double Layered Cups,apparel_womens,3.7,2405,259.0,apparel_womens:Clovia Women's Cotton Rich Non-Padded Non-Wired Bra with Double Layered Cups
Amazon Brand - Myx Women's Cotton Kurta,apparel_womens,4.0,811,282.0,apparel_womens:Amazon Brand - Myx Women's Cotton Kurta
Calendar Women's Plain Weave Georgette Printed Silk Saree With Unstitched Blouse Piece,apparel_womens,3.4,206,795.0,apparel_womens:Calendar Women's Plain Weave Georgette Printed Silk Saree With Unstitched Blouse Piece
Lovable Women's Cotton Brief (Pack of 3)(Colors May Vary),apparel_womens,3.8,261,660.0,apparel_womens:Lovable Women's Cotton Brief (Pack of 3)(Colors May Vary)
GLARE & BLAIR Ribbed Sleeveless Tank Bodycon Mini Cami Dress for Women,apparel_womens,4.2,14,489.0,apparel_womens:GLARE & BLAIR Ribbed Sleeveless Tank Bodycon Mini Cami Dress for Women
MORE N MORE TRENDZ Embroidered Banarasi With Diamond Work Organza Saree,apparel_womens,5.0,3,1690.0,apparel_womens:MORE N MORE TRENDZ Embroidered Banarasi With Diamond Work Organza Saree
"Zivame Women's Synthetic Non Padded Wire Free T-Shirt, Molded Bra",apparel_womens,4.1,1021,314.0,"apparel_womens:Zivame Women's Synthetic Non Padded Wire Free T-Shirt, Molded Bra"
"Miraan Cotton Printed Readymade Salwar Suit For Women(BANDCOLOR805, Grey)",apparel_womens,3.7,188,845.0,"apparel_womens:Miraan Cotton Printed Readymade Salwar Suit For Women(BANDCOLOR805, Grey)"
S.K. Textiles Women's Satin Petticoat (SKT19_White_Medium) (41-45 inches waist),apparel_womens,3.7,48,285.0,apparel_womens:S.K. Textiles Women's Satin Petticoat (SKT19_White_Medium) (41-45 inches waist)
OM SAI LATEST CREATION Women's Cotton Polyester Blended Regular Fit Solid Top | Casual 1/3 Sleeve Tops for Girls,apparel_womens,4.5,2,239.0,apparel_womens:OM SAI LATEST CREATION Women's Cotton Polyester Blended Regular Fit Solid Top | Casual 1/3 Sleeve Tops for Girls
Puma Women Cap,apparel_womens,4.0,1,519.0,apparel_womens:Puma Women Cap
AKHILAM Women's Organza Woven Design Saree With Unstitched Blouse Piece (KANCHI3001_Parent),apparel_womens,4.1,6,1129.0,apparel_womens:AKHILAM Women's Organza Woven Design Saree With Unstitched Blouse Piece (KANCHI3001_Parent)
AISLIN® UV Protected Oval Sunglasses for Women,apparel_womens,4.1,416,598.0,apparel_womens:AISLIN® UV Protected Oval Sunglasses for Women
Janasya Women's Gold Poly Silk Solid Kurta with Pant and Dupatta,apparel_womens,3.9,1120,849.0,apparel_womens:Janasya Women's Gold Poly Silk Solid Kurta with Pant and Dupatta
ANNI DESIGNER Women's Cotton Straight Printed Kurta with Pant & Dupatta (SHIPRA Light GREEN-Jan01),apparel_womens,3.5,13,499.0,apparel_womens:ANNI DESIGNER Women's Cotton Straight Printed Kurta with Pant & Dupatta (SHIPRA Light GREEN-Jan01)
cotton MalMal Saree hand block red colour,apparel_womens,3.5,2,773.0,apparel_womens:cotton MalMal Saree hand block red colour
Fashion & Heritage - Delivering Ethnicity Women's Solid Cotton Pichoda (SBSC_FHCD_PRI_VERI_066_Red_Free Size),apparel_womens,4.0,4,679.0,apparel_womens:Fashion & Heritage - Delivering Ethnicity Women's Solid Cotton Pichoda (SBSC_FHCD_PRI_VERI_066_Red_Free Size)
"Urban_Made Women Summer Wide Brim Straw Hat with Long Ribbon, Fedora Sun Hat for Girls & Women",apparel_womens,5.0,1,425.0,"apparel_womens:Urban_Made Women Summer Wide Brim Straw Hat with Long Ribbon, Fedora Sun Hat for Girls & Women"
"Dream Beauty Fashion Women's Full Sleeve Round Neck Printed Fitted Tee - 23"" Inches (Jiya-Top)",apparel_womens,5.0,1,429.0,"apparel_womens:Dream Beauty Fashion Women's Full Sleeve Round Neck Printed Fitted Tee - 23"" Inches (Jiya-Top)"
Royal Export Women's Straight Floral Printed Kurta Pant & Dupatta,apparel_womens,4.7,16,799.0,apparel_womens:Royal Export Women's Straight Floral Printed Kurta Pant & Dupatta
BIBA Printed Cotton Round Neck Womens Salwar Kurta Dupatta Sets,apparel_womens,2.4,7,1259.0,apparel_womens:BIBA Printed Cotton Round Neck Womens Salwar Kurta Dupatta Sets
Ada Women's Cotton Straight Top Tunic Lucknowi Hand Embroidered Chikankari Short Kurti A100131 Black,apparel_womens,4.1,124,948.0,apparel_womens:Ada Women's Cotton Straight Top Tunic Lucknowi Hand Embroidered Chikankari Short Kurti A100131 Black
AKADO Seamless Thongs for Women Breathable Low Rise Panties Invisible Hipster Underwear Thong No Show Multicolor Free Size...,apparel_womens,1.0,1,365.0,apparel_womens:AKADO Seamless Thongs for Women Breathable Low Rise Panties Invisible Hipster Underwear Thong No Show Multicolor Free Size...
CINOON Women Sexy Cotton 2 Piece Bra and Panties Lingerie Set for Honeymoon | Anniversary | Everyday Bra Panty Combo,apparel_womens,5.0,4,449.0,apparel_womens:CINOON Women Sexy Cotton 2 Piece Bra and Panties Lingerie Set for Honeymoon | Anniversary | Everyday Bra Panty Combo
eS³kube Facial Make-Up Face Wash Velvet Strip Headband Yoga Sports Adjustable Elastic Hair Band For Girls & Women Beauty T...,apparel_womens,4.2,235,170.0,apparel_womens:eS³kube Facial Make-Up Face Wash Velvet Strip Headband Yoga Sports Adjustable Elastic Hair Band For Girls & Women Beauty T...
Clovia Women's Cotton High Waist Hipster with Lace & Powernet,apparel_womens,3.8,51,184.0,apparel_womens:Clovia Women's Cotton High Waist Hipster with Lace & Powernet
Van Heusen Women Casual Shorts,apparel_womens,4.2,26,636.0,apparel_womens:Van Heusen Women Casual Shorts
KG Best Collection Women Cotton Shawl Collar Pocket Shrug,apparel_womens,3.4,45,299.0,apparel_womens:KG Best Collection Women Cotton Shawl Collar Pocket Shrug
DIAMO Women Rajasthani Traditional Silk bandhej dupatta for Women/Girls,apparel_womens,5.0,2,301.0,apparel_womens:DIAMO Women Rajasthani Traditional Silk bandhej dupatta for Women/Girls
Indietoga Women's Floral Printed Long Fit and Flare Maxi Dresses (Small to Plus Sizes 10XL),apparel_womens,3.6,275,662.0,apparel_womens:Indietoga Women's Floral Printed Long Fit and Flare Maxi Dresses (Small to Plus Sizes 10XL)
Satrani Women's Dupatta,apparel_womens,3.9,388,269.0,apparel_womens:Satrani Women's Dupatta
Besick Main Character Energy Oversized fit Drop Shoulders Minimal Printed Tshirts for Men Women,apparel_womens,5.0,2,569.0,apparel_womens:Besick Main Character Energy Oversized fit Drop Shoulders Minimal Printed Tshirts for Men Women
Miss Chase Women's Black Regular Length Mid Rise Clean Look Regular Fit Denim Joggers,apparel_womens,3.7,181,799.0,apparel_womens:Miss Chase Women's Black Regular Length Mid Rise Clean Look Regular Fit Denim Joggers
"Dream Beauty Fashion Women's High Waist Bell Bottom Trouser, Elastic Flared Bootcut Pants, Stretchy Parallel Leg for Casua...",apparel_womens,3.6,151,379.0,"apparel_womens:Dream Beauty Fashion Women's High Waist Bell Bottom Trouser, Elastic Flared Bootcut Pants, Stretchy Parallel Leg for Casua..."
Xeonex Women Babydoll Lingerie Set for Honeymoon for Woman Thongs | Sexy Night Dress Above Knee Baby Doll Night Dress | Tr...,apparel_womens,1.4,3,109.0,apparel_womens:Xeonex Women Babydoll Lingerie Set for Honeymoon for Woman Thongs | Sexy Night Dress Above Knee Baby Doll Night Dress | Tr...
BAILEY SELLS Women's Hosiery Cotton Nighty Solid Midi Slip Nightgown Sleeveless Maxi Nightdress Sleepwear Camisole Chemise...,apparel_womens,1.0,1,499.0,apparel_womens:BAILEY SELLS Women's Hosiery Cotton Nighty Solid Midi Slip Nightgown Sleeveless Maxi Nightdress Sleepwear Camisole Chemise...
Levi's Women T-Shirt,apparel_womens,4.3,150,484.0,apparel_womens:Levi's Women T-Shirt
Phenomenal Oval Sunglasses For women Brown,apparel_womens,1.0,3,199.0,apparel_womens:Phenomenal Oval Sunglasses For women Brown
Aadvi Enterprise Straight fit jeans for Women's|High Waist Regular Fit Boyfriend Jeans for Girl's|Mom fit Jeans for ladies,apparel_womens,5.0,3,644.0,apparel_womens:Aadvi Enterprise Straight fit jeans for Women's|High Waist Regular Fit Boyfriend Jeans for Girl's|Mom fit Jeans for ladies
Lux Cottswool Women's Thermal Top and Lower Set,apparel_womens,4.1,143,874.0,apparel_womens:Lux Cottswool Women's Thermal Top and Lower Set
Samajh Women's Pure Cotton Chikankari Embroidery Work Straight Calf Length Kurti,apparel_womens,3.7,46,849.0,apparel_womens:Samajh Women's Pure Cotton Chikankari Embroidery Work Straight Calf Length Kurti
MANSORY ENTERPRISE Women’s Unstitched Khadi Fabric Salwar Suit Dress Material With Bandhani Silk Dupatta Set,apparel_womens,3.1,7,790.0,apparel_womens:MANSORY ENTERPRISE Women’s Unstitched Khadi Fabric Salwar Suit Dress Material With Bandhani Silk Dupatta Set
RADHA LAKSHMI Women's Kanjivaram Banarasi Soft Silk Saree With Blouse piece(AG Visa),apparel_womens,1.0,2,949.0,apparel_womens:RADHA LAKSHMI Women's Kanjivaram Banarasi Soft Silk Saree With Blouse piece(AG Visa)
AJ FASHIONS Women's Cotton Tummy Control Panties (Pack of 3),apparel_womens,3.3,1290,298.0,apparel_womens:AJ FASHIONS Women's Cotton Tummy Control Panties (Pack of 3)
EasyBull Inlet Nozzle Pack of 3 Suitable for Starq Jpt Resqtech Bosch Karcher Pressure washers,home_appliances,4.2,139,280.0,home_appliances:EasyBull Inlet Nozzle Pack of 3 Suitable for Starq Jpt Resqtech Bosch Karcher Pressure washers
"Yellow Weaves Top Loading Fully Automatc Washing Machine Cover for 6 kg, 6.5 kg,7kg, 7.5 kg(Black Grey)",home_appliances,3.6,633,299.0,"home_appliances:Yellow Weaves Top Loading Fully Automatc Washing Machine Cover for 6 kg, 6.5 kg,7kg, 7.5 kg(Black Grey)"
"Jaipan High Performance Heavy Duty Beater 450 Watt :: 5 Speed :: Dough and Beater Hooks, Steel Blue & White",home_appliances,3.6,61,1599.0,"home_appliances:Jaipan High Performance Heavy Duty Beater 450 Watt :: 5 Speed :: Dough and Beater Hooks, Steel Blue & White"
"KPS HUB Jumbo Stainless Steel 7.5 inch Dia. Puri Maker Press Machine With Handle, Manual Stainless Steel Roti Press, Papa...",home_appliances,5.0,1,649.0,"home_appliances:KPS HUB Jumbo Stainless Steel 7.5 inch Dia. Puri Maker Press Machine With Handle, Manual Stainless Steel Roti Press, Papa..."
DERIKE Portable Mini AC USB Battery Operated Air Conditioner Mini Water Air Cooler Cooling Fan Blade Less Duel Blower with...,home_appliances,1.0,1,489.0,home_appliances:DERIKE Portable Mini AC USB Battery Operated Air Conditioner Mini Water Air Cooler Cooling Fan Blade Less Duel Blower with...
"Saptraag Gomti Chakra (1.5 cm, Brownish) -108 Pieces",home_appliances,4.3,215,360.0,"home_appliances:Saptraag Gomti Chakra (1.5 cm, Brownish) -108 Pieces"
Panasonic MK-GB1 3-Litre 200-Watt Stand Mixer (White),home_appliances,3.9,392,3449.0,home_appliances:Panasonic MK-GB1 3-Litre 200-Watt Stand Mixer (White)
HAZEL Alfa Cooker Container | Cooker Vessel Set For 3 Litre I Set of 2 with Glossy Finish Utensil Set Stainless Steel Cook...,home_appliances,3.9,645,429.0,home_appliances:HAZEL Alfa Cooker Container | Cooker Vessel Set For 3 Litre I Set of 2 with Glossy Finish Utensil Set Stainless Steel Cook...
"KARSYN Impulse Plastic Pouch Hand Table Top Polythene Packet Heat Sealer Packing Sealing Machine (8 Inch, Multicolor)",home_appliances,3.6,29,899.0,"home_appliances:KARSYN Impulse Plastic Pouch Hand Table Top Polythene Packet Heat Sealer Packing Sealing Machine (8 Inch, Multicolor)"
ZunVolt Fruice Juicer Blender Grinder and Smoothie Maker 400W (Red - Black),home_appliances,3.1,16,999.0,home_appliances:ZunVolt Fruice Juicer Blender Grinder and Smoothie Maker 400W (Red - Black)
Pour Over Coffee Kettle Gooseneck Kettle for Coffee Tea with Thermometer Premium 3-Layer Stainless Steel Bottom Coffee Mak...,home_appliances,4.5,6,2177.0,home_appliances:Pour Over Coffee Kettle Gooseneck Kettle for Coffee Tea with Thermometer Premium 3-Layer Stainless Steel Bottom Coffee Mak...
Orient Electric Gratia Shine Aluminium 1200 MM Deco Fan (Silky Silver),home_appliances,4.0,796,2899.0,home_appliances:Orient Electric Gratia Shine Aluminium 1200 MM Deco Fan (Silky Silver)
"Whirlpool 184 L 4 Star Inverter Direct-Cool Single Door Refrigerator (205 WDE ROY 4S Inv WINE RADIANCE-Z, Wine Radiance, L...",home_appliances,5.0,1,15490.0,"home_appliances:Whirlpool 184 L 4 Star Inverter Direct-Cool Single Door Refrigerator (205 WDE ROY 4S Inv WINE RADIANCE-Z, Wine Radiance, L..."
"AQUALIQUID RO Inline Tube Tap Shut Off Ball Valve Quick Fitting Connection Aquarium, RO Water Filter(Flushing Valve : 2Pcs)",home_appliances,3.9,81,169.0,"home_appliances:AQUALIQUID RO Inline Tube Tap Shut Off Ball Valve Quick Fitting Connection Aquarium, RO Water Filter(Flushing Valve : 2Pcs)"
"IFB 6 Kg 5 Star Front Load Washing Machine 2X Power Steam (NEO DIVA VXS 6010, White, In-built Heater, 4 years Comprehensiv...",home_appliances,4.0,171,26690.0,"home_appliances:IFB 6 Kg 5 Star Front Load Washing Machine 2X Power Steam (NEO DIVA VXS 6010, White, In-built Heater, 4 years Comprehensiv..."
"STARQ Outlet Hose Pipe for W 3 /W4/W5/W6 (Hydraulic Hose Pipe, 15mtr)",home_appliances,3.8,57,1799.0,"home_appliances:STARQ Outlet Hose Pipe for W 3 /W4/W5/W6 (Hydraulic Hose Pipe, 15mtr)"
"Clearline Automatic Electric Dough Kneader With Non Stick Bowl, Black, 650 Watts",home_appliances,4.2,2192,4500.0,"home_appliances:Clearline Automatic Electric Dough Kneader With Non Stick Bowl, Black, 650 Watts"
"Spefez Diffuser For Home Fragrance,Cool Mist Humidifiers Humidifier For Room Essential Oil Diffuser Aroma Air Humidifier w...",home_appliances,3.4,52,499.0,"home_appliances:Spefez Diffuser For Home Fragrance,Cool Mist Humidifiers Humidifier For Room Essential Oil Diffuser Aroma Air Humidifier w..."
"BROGBUS Plastic Expandable Car Washing Plastic Hoses Pipe for car wash and Garden use (Green, Navy blue)",home_appliances,2.0,1,489.0,"home_appliances:BROGBUS Plastic Expandable Car Washing Plastic Hoses Pipe for car wash and Garden use (Green, Navy blue)"
"IONIX Brass inlet valve for Ro water purifier with Brass Nipple, Connects to 1/4 pipe, Complete Set, Silver",home_appliances,3.7,1055,195.0,"home_appliances:IONIX Brass inlet valve for Ro water purifier with Brass Nipple, Connects to 1/4 pipe, Complete Set, Silver"
Prestige Deluxe LS 750-Watt Mixer Grinder (White and Red),home_appliances,3.7,126,3449.05,home_appliances:Prestige Deluxe LS 750-Watt Mixer Grinder (White and Red)
"Lifelong Egg Boiler 360-Watt (Transparent and Silver Grey), Boil 7 eggs | Easy to clean| 3 Boiling Modes, Stainless Steel ...",home_appliances,4.2,294,898.0,"home_appliances:Lifelong Egg Boiler 360-Watt (Transparent and Silver Grey), Boil 7 eggs | Easy to clean| 3 Boiling Modes, Stainless Steel ..."
"Haier 345 L 3 Star Triple Inverter Frost Free Double Door Refrigerator Convertible (HEF-35TKS, Black Brushline)",home_appliances,3.9,96,32990.0,"home_appliances:Haier 345 L 3 Star Triple Inverter Frost Free Double Door Refrigerator Convertible (HEF-35TKS, Black Brushline)"
UR LITTLE SHOP Air Cooler Natural Grass_Cooling Pads_18 x 24 Inches_Set Of 3 Pack_With 3 Iron Meshes And 2 Air Cooler Perf...,home_appliances,1.0,2,549.0,home_appliances:UR LITTLE SHOP Air Cooler Natural Grass_Cooling Pads_18 x 24 Inches_Set Of 3 Pack_With 3 Iron Meshes And 2 Air Cooler Perf...
"Morphy Richards 60 RCSS 60 Litre Oven Toaster Griller (60 Litres OTG) with Illuminated Chamber & Stainless Steel, Convecti...",home_appliances,4.1,3534,14999.0,"home_appliances:Morphy Richards 60 RCSS 60 Litre Oven Toaster Griller (60 Litres OTG) with Illuminated Chamber & Stainless Steel, Convecti..."
REAL LIFE SOLUTION Faucet Water Tap Adapter Connector Set of 2 for Fully Automatic Washing Machine Inlet Hose -Color : Whi...,home_appliances,5.0,5,225.0,home_appliances:REAL LIFE SOLUTION Faucet Water Tap Adapter Connector Set of 2 for Fully Automatic Washing Machine Inlet Hose -Color : Whi...
"STAYALONE Travel Folding Electric Kettle, Fast Boiling, Beautiful Design Collapsible, Portable Electric Kettle, 600ml Boil...",home_appliances,5.0,1,559.0,"home_appliances:STAYALONE Travel Folding Electric Kettle, Fast Boiling, Beautiful Design Collapsible, Portable Electric Kettle, 600ml Boil..."
"Lovely Solar Fan® DC 12Volt 24Watt 12"" SanChi Pedestal Fan (2 Speed, Blue & White)",home_appliances,3.8,629,1499.0,"home_appliances:Lovely Solar Fan® DC 12Volt 24Watt 12"" SanChi Pedestal Fan (2 Speed, Blue & White)"
Seazone Cover for All Models Water Purifier ASTOR Type,home_appliances,3.3,19,229.0,home_appliances:Seazone Cover for All Models Water Purifier ASTOR Type
"Borosil Neo Waffle Maker, 1000 W, Silver",home_appliances,4.0,1313,2099.0,"home_appliances:Borosil Neo Waffle Maker, 1000 W, Silver"
"Godrej Eon Dishwasher | 8 Place Setting Counter-Top | Compact with an In-built heater (DWT EON MGNS 8C NF SKSL, Silky Silv...",home_appliances,3.9,118,19890.0,"home_appliances:Godrej Eon Dishwasher | 8 Place Setting Counter-Top | Compact with an In-built heater (DWT EON MGNS 8C NF SKSL, Silky Silv..."
"Epsilon 6 Layer Carbon Activated Chlorine Remover Taps, Tap Water Filter/Purifier for Drinking, Alkaline Water Saver Fauce...",home_appliances,3.2,15,225.0,"home_appliances:Epsilon 6 Layer Carbon Activated Chlorine Remover Taps, Tap Water Filter/Purifier for Drinking, Alkaline Water Saver Fauce..."
Singer Duo Pop 700-Watt 2 Slice Pop-up Bread Toaster (White),home_appliances,3.8,199,1349.0,home_appliances:Singer Duo Pop 700-Watt 2 Slice Pop-up Bread Toaster (White)
Geeky Portable Princess Rabbit Styled Rechargeable Handheld Fan (Pink),home_appliances,4.3,470,699.0,home_appliances:Geeky Portable Princess Rabbit Styled Rechargeable Handheld Fan (Pink)
"Luminous Optimus 1250 Pure Sine Wave 1100VA/12V Inverter for Home, Office & Shops",home_appliances,3.0,65,7790.0,"home_appliances:Luminous Optimus 1250 Pure Sine Wave 1100VA/12V Inverter for Home, Office & Shops"
"SITOLO Egg Boiler With Automatic Off & Single Layer Electric Omlet Maker For Boiling, Cooking and Frying the Eggs, Egg Pou...",home_appliances,4.3,6,349.0,"home_appliances:SITOLO Egg Boiler With Automatic Off & Single Layer Electric Omlet Maker For Boiling, Cooking and Frying the Eggs, Egg Pou..."
Care N Made® Solenoid Valve 24 VDC for Kent/AQUAGARD RO Water Purifier,home_appliances,4.0,1,240.0,home_appliances:Care N Made® Solenoid Valve 24 VDC for Kent/AQUAGARD RO Water Purifier
MESH MASTERS Heavy Duty Double Door_Single Door Fridge Stand/Washing Machine Stand/Dish Washer Stand_Maroon Color with Box...,home_appliances,3.3,17,399.0,home_appliances:MESH MASTERS Heavy Duty Double Door_Single Door Fridge Stand/Washing Machine Stand/Dish Washer Stand_Maroon Color with Box...
LONGWAY Starlite-1 1200 mm/48 inch High Speed Anti-dust Technology Decorative 5 Star Rated Ceiling Fan 400 RPM with 3 Year...,home_appliances,2.7,14,2699.0,home_appliances:LONGWAY Starlite-1 1200 mm/48 inch High Speed Anti-dust Technology Decorative 5 Star Rated Ceiling Fan 400 RPM with 3 Year...
HASTHIP 100 pcs/Lot New Non-Woven Fabrics Empty Tea Bag with String Heal Filter Paper,home_appliances,4.0,290,296.0,home_appliances:HASTHIP 100 pcs/Lot New Non-Woven Fabrics Empty Tea Bag with String Heal Filter Paper
KNL RO/NF Sediment and Activated Carbon Block (Pre Carbon) Filter/cartridges/Candle Set with pushfit Elbows Suitable for A...,home_appliances,4.0,210,650.0,home_appliances:KNL RO/NF Sediment and Activated Carbon Block (Pre Carbon) Filter/cartridges/Candle Set with pushfit Elbows Suitable for A...
MGS 3 Meter Washing Machine Water PVC Inlet Hose Pipe for Front & Top Load Fully Automatic,home_appliances,4.3,976,399.0,home_appliances:MGS 3 Meter Washing Machine Water PVC Inlet Hose Pipe for Front & Top Load Fully Automatic
Havells Instanio 1-Litre Instant Geyser (White/Blue),home_appliances,3.9,56,2999.0,home_appliances:Havells Instanio 1-Litre Instant Geyser (White/Blue)
"Bosch Vacuum Cleaner and Blower Gas 15 1100-Watt, Blue and Black",home_appliances,4.2,272,15800.0,"home_appliances:Bosch Vacuum Cleaner and Blower Gas 15 1100-Watt, Blue and Black"
"AGARO Regal & Regal Plus Filter and Multipurpose Brush, Dry Vacuuming",home_appliances,4.2,34,299.0,"home_appliances:AGARO Regal & Regal Plus Filter and Multipurpose Brush, Dry Vacuuming"
INALSA Sandwich Grill 750W Toast & Co| Adjustable Height Control With Floating Plates| Non Stick Coating | Automatic Tempe...,home_appliances,3.9,959,1784.0,home_appliances:INALSA Sandwich Grill 750W Toast & Co| Adjustable Height Control With Floating Plates| Non Stick Coating | Automatic Tempe...
"Kuber Industries Fridge Appliance Set|Flower Design & PVC Material|3 Pieces Fridge Mats|1 Piece Fridge Top Cover, Set of 1...",home_appliances,3.9,599,228.69,"home_appliances:Kuber Industries Fridge Appliance Set|Flower Design & PVC Material|3 Pieces Fridge Mats|1 Piece Fridge Top Cover, Set of 1..."
AUSHA® Portable Gament Iron Steamer for Clothes Dry And We Mini Handheld Press for Outing & Home,home_appliances,1.0,1,899.0,home_appliances:AUSHA® Portable Gament Iron Steamer for Clothes Dry And We Mini Handheld Press for Outing & Home
"REVAXO Waterproof & Dustproof Washing Machine Cover Top Load & Fully Automatic Suitable for 6 kg, 6.2 kg, 6.5 kg ,3",home_appliances,1.0,1,230.0,"home_appliances:REVAXO Waterproof & Dustproof Washing Machine Cover Top Load & Fully Automatic Suitable for 6 kg, 6.2 kg, 6.5 kg ,3"
Khaitan Freedom Hi-Speed Economy Ceiling Fan-Brown,home_appliances,5.0,5,1480.0,home_appliances:Khaitan Freedom Hi-Speed Economy Ceiling Fan-Brown
Republic Day Independence Day 15 August 26 January Indian Printed t Shirt for Boys Kids,apparel_kids,1.0,1,375.0,apparel_kids:Republic Day Independence Day 15 August 26 January Indian Printed t Shirt for Boys Kids
SYGA 3 Pcs Children Girl Baby Elastic Hairband Princess Wind Bow Flower Headband Suit Baby Headdress Photo Hair Accessorie...,apparel_kids,4.5,7,299.0,apparel_kids:SYGA 3 Pcs Children Girl Baby Elastic Hairband Princess Wind Bow Flower Headband Suit Baby Headdress Photo Hair Accessorie...
Fusefit girls Track Pants,apparel_kids,5.0,2,359.0,apparel_kids:Fusefit girls Track Pants
BENKILS Girls Casual Dress,apparel_kids,3.8,1058,629.0,apparel_kids:BENKILS Girls Casual Dress
SYGA Children's Sunglasses Funny Round Frame Knockwell Sunglasses Anti-UV Lens Eyewear Snail-Shaped Kids Goggles,apparel_kids,1.5,2,199.0,apparel_kids:SYGA Children's Sunglasses Funny Round Frame Knockwell Sunglasses Anti-UV Lens Eyewear Snail-Shaped Kids Goggles
"FARETO Unisex Just Born Baby Clothing Set/6 Front Open Shirts/6 Single Layer Nappies/6 Caps, 0-3 Months (Multicolour)(L-10...",apparel_kids,3.9,73,630.0,"apparel_kids:FARETO Unisex Just Born Baby Clothing Set/6 Front Open Shirts/6 Single Layer Nappies/6 Caps, 0-3 Months (Multicolour)(L-10..."
Wish Karo Baby Girl's A-Line Knee Length Frock,apparel_kids,4.3,11,399.0,apparel_kids:Wish Karo Baby Girl's A-Line Knee Length Frock
ZOOTEE Fashion Unisex Kids Boys and Girls Plain Round Neck Full Sleeve Red Color Cotton Tshirts,apparel_kids,4.0,1,275.0,apparel_kids:ZOOTEE Fashion Unisex Kids Boys and Girls Plain Round Neck Full Sleeve Red Color Cotton Tshirts
WearIndia Boys' T-Shirt,apparel_kids,3.5,57,399.0,apparel_kids:WearIndia Boys' T-Shirt
Toxi Captain America Printed Round Neck and Half Sleeve White | Dri Fit | Tshirt for Women | Men | Kids | Girls | Boys,apparel_kids,1.0,1,199.0,apparel_kids:Toxi Captain America Printed Round Neck and Half Sleeve White | Dri Fit | Tshirt for Women | Men | Kids | Girls | Boys
Visions India Optimax Anti Glare Blue Cut Magnetic Reading Glasses with Neck Band For Men Women (Black +2.75),apparel_kids,4.0,3,549.0,apparel_kids:Visions India Optimax Anti Glare Blue Cut Magnetic Reading Glasses with Neck Band For Men Women (Black +2.75)
GOODWAY Boys Pack of 5 Theme Did You knowTheme Printed T-Shirts(JB5PCKDYK-1_Multicolor),apparel_kids,4.2,1282,799.0,apparel_kids:GOODWAY Boys Pack of 5 Theme Did You knowTheme Printed T-Shirts(JB5PCKDYK-1_Multicolor)
Hopscotch Girls Viscose All-Over Print Top and Pajama Set in Pink Color,apparel_kids,3.8,49,491.0,apparel_kids:Hopscotch Girls Viscose All-Over Print Top and Pajama Set in Pink Color
"little PANDA Born Baby Boys Girls Soft Cotton Cap, Mittens & Booties Set (0-6 Months) Combo Pack",apparel_kids,5.0,2,749.0,"apparel_kids:little PANDA Born Baby Boys Girls Soft Cotton Cap, Mittens & Booties Set (0-6 Months) Combo Pack"
reinstones hijab pin set of 10 pcs/scarf pin,apparel_kids,5.0,1,400.0,apparel_kids:reinstones hijab pin set of 10 pcs/scarf pin
Red Tape Boys T-Shirt,apparel_kids,5.0,2,482.0,apparel_kids:Red Tape Boys T-Shirt
Fashion Dream Girls Jumpsuit Set,apparel_kids,3.1,55,559.0,apparel_kids:Fashion Dream Girls Jumpsuit Set
Wish Karo Baby Girls Top and Skirt For Girls-(csl295),apparel_kids,3.5,3,449.0,apparel_kids:Wish Karo Baby Girls Top and Skirt For Girls-(csl295)
little PANDA Baby Girls Skater Knee Length Net Dress,apparel_kids,3.6,4,404.0,apparel_kids:little PANDA Baby Girls Skater Knee Length Net Dress
Supersox Girl's Ankle Length Cotton Socks (Pack of 3),apparel_kids,4.1,388,329.0,apparel_kids:Supersox Girl's Ankle Length Cotton Socks (Pack of 3)
Amazon Brand - Jam & Honey Boys T-Shirt,apparel_kids,5.0,1,447.0,apparel_kids:Amazon Brand - Jam & Honey Boys T-Shirt
BabyNeeds Soft Cotton Ear Flap Caps with Tie Knot for Baby (3-6 Months),apparel_kids,3.5,13,549.0,apparel_kids:BabyNeeds Soft Cotton Ear Flap Caps with Tie Knot for Baby (3-6 Months)
BABY GO 100% Pure Cotton Dungarees for Baby Girls,apparel_kids,4.2,180,419.0,apparel_kids:BABY GO 100% Pure Cotton Dungarees for Baby Girls
SINI MINI Girl's Capri Shorts (Pack of 4),apparel_kids,4.0,764,899.0,apparel_kids:SINI MINI Girl's Capri Shorts (Pack of 4)
Bonjour D. Grey Kids Woolen Argyle Socks- Pack of 2,apparel_kids,4.3,19,221.0,apparel_kids:Bonjour D. Grey Kids Woolen Argyle Socks- Pack of 2
Kars Girl Baby Knitted Combo Dress for 6 Month - 4 Years(Pack of 2),apparel_kids,3.9,4,390.0,apparel_kids:Kars Girl Baby Knitted Combo Dress for 6 Month - 4 Years(Pack of 2)
BabyMoon Kids Big Ears Fruits Summer Cap Hat,apparel_kids,5.0,1,345.0,apparel_kids:BabyMoon Kids Big Ears Fruits Summer Cap Hat
NammaBaby Girls Cotton Round Neck Sweatshirt,apparel_kids,3.6,554,649.0,apparel_kids:NammaBaby Girls Cotton Round Neck Sweatshirt
MYYNTI 6 Pairs Baby Kids Cotton Cartoon Pattern Design Socks Breathable No-show Low Cut Free Size Multicolor,apparel_kids,5.0,1,264.0,apparel_kids:MYYNTI 6 Pairs Baby Kids Cotton Cartoon Pattern Design Socks Breathable No-show Low Cut Free Size Multicolor
little PANDA Girl's A-Line Knee Length Dress,apparel_kids,4.2,513,449.0,apparel_kids:little PANDA Girl's A-Line Knee Length Dress
Max Girls Heart Printed T-Shirt,apparel_kids,5.0,1,159.0,apparel_kids:Max Girls Heart Printed T-Shirt
BabyMoon Kids Big Ears Fruits Summer Cap Hat,apparel_kids,5.0,1,345.0,apparel_kids:BabyMoon Kids Big Ears Fruits Summer Cap Hat
Gubbarey Girl's Silk Lehenga Choli (LC3024_Red_8-9 Y),apparel_kids,3.1,30,689.0,apparel_kids:Gubbarey Girl's Silk Lehenga Choli (LC3024_Red_8-9 Y)
Fashion Dream Baby Girl’s White Cotton Lycra Top with Short Pant,apparel_kids,5.0,1,479.0,apparel_kids:Fashion Dream Baby Girl’s White Cotton Lycra Top with Short Pant
MINITATU baby-girls Clothing Set,apparel_kids,4.2,92,499.0,apparel_kids:MINITATU baby-girls Clothing Set
Hopscotch Girls Cotton Animal Print Sweatshirt and Leggings Set in Pink Color,apparel_kids,3.9,25,550.0,apparel_kids:Hopscotch Girls Cotton Animal Print Sweatshirt and Leggings Set in Pink Color
Vesham Boys Solid Kurta and Pajama Set,apparel_kids,3.2,10,499.0,apparel_kids:Vesham Boys Solid Kurta and Pajama Set
WALLABY KIDS Boys & Girls Cute Dino Playing Electric Guitar Dinosaur Theme 100% Cotton Unisex Kids T-Shirt,apparel_kids,5.0,1,699.0,apparel_kids:WALLABY KIDS Boys & Girls Cute Dino Playing Electric Guitar Dinosaur Theme 100% Cotton Unisex Kids T-Shirt
"Basic Super Soft Briefs | Unisex, 100% Pure Cotton Innerwear | Breathable & Super Soft Underwear | Newborn Panty, Baby Bri...",apparel_kids,3.5,125,429.0,"apparel_kids:Basic Super Soft Briefs | Unisex, 100% Pure Cotton Innerwear | Breathable & Super Soft Underwear | Newborn Panty, Baby Bri..."
U.S. POLO ASSN. Boys Shirt,apparel_kids,4.2,92,451.0,apparel_kids:U.S. POLO ASSN. Boys Shirt
Nino Bambino 100% Organic Cotton Green Polka Dot Sleeveless Round Neck Button Closure Dress and Short Set for Baby Girls,apparel_kids,5.0,1,629.7,apparel_kids:Nino Bambino 100% Organic Cotton Green Polka Dot Sleeveless Round Neck Button Closure Dress and Short Set for Baby Girls
Naughty Ninos Girl's Regular Dress,apparel_kids,4.0,670,799.0,apparel_kids:Naughty Ninos Girl's Regular Dress
superbottoms Top & Shorts Set | Evrydaywear| Comfort Wear | Lounge Wear | Top and Shorts set for Kids | Kids Combo Dress |...,apparel_kids,5.0,2,229.0,apparel_kids:superbottoms Top & Shorts Set | Evrydaywear| Comfort Wear | Lounge Wear | Top and Shorts set for Kids | Kids Combo Dress |...
"Superminis Cotton Pyjama/Legging Bottom/Lowers - Heart Print, Regular Fit Pants for Boys, Girls, Toddlers, Kids",apparel_kids,4.1,380,599.0,"apparel_kids:Superminis Cotton Pyjama/Legging Bottom/Lowers - Heart Print, Regular Fit Pants for Boys, Girls, Toddlers, Kids"
Max Boys Printed Crew Neck T-Shirt,apparel_kids,3.8,11,259.0,apparel_kids:Max Boys Printed Crew Neck T-Shirt
Cherry Crumble Kids Unisex Corduroy Square Neck Solid Dungaree (7L-DUNG-1548),apparel_kids,3.9,10,1351.0,apparel_kids:Cherry Crumble Kids Unisex Corduroy Square Neck Solid Dungaree (7L-DUNG-1548)
LIL GLORY Brand N!NJ@ Travelling Warmer for Younger Boys in 3 Shades,apparel_kids,5.0,4,629.0,apparel_kids:LIL GLORY Brand N!NJ@ Travelling Warmer for Younger Boys in 3 Shades
ayushicreationa Boy's & Girl's Ankle Length Organic Cotton Socks for 4-8 Years Kids Children’s Colorful Creative Multi-Des...,apparel_kids,3.7,16,249.0,apparel_kids:ayushicreationa Boy's & Girl's Ankle Length Organic Cotton Socks for 4-8 Years Kids Children’s Colorful Creative Multi-Des...
Sathiyas Baby Girls Top & Bottom Sets -Pack of 5,apparel_kids,4.3,830,749.0,apparel_kids:Sathiyas Baby Girls Top & Bottom Sets -Pack of 5
ANGAAKAR CLOTHINGS Newborn Baby Boys & Girls Loose Fit Cotton Pajama For Kids Track Pants For Infants Rib Leggings Toddler...,apparel_kids,4.5,2,690.0,apparel_kids:ANGAAKAR CLOTHINGS Newborn Baby Boys & Girls Loose Fit Cotton Pajama For Kids Track Pants For Infants Rib Leggings Toddler...
Lavie Sport Chairman Laptop Bag | Premium Leatherette Business Backpack for Men & Women | Durable Office Bag for Notebook/...,electronics_audio_video,4.0,713,899.0,electronics_audio_video:Lavie Sport Chairman Laptop Bag | Premium Leatherette Business Backpack for Men & Women | Durable Office Bag for Notebook/...
"SanDisk Ultra® microSDXC™ UHS-I Card, 64GB, 140MB/s R, 10 Y Warranty, for Smartphones",electronics_audio_video,4.4,71768,488.0,"electronics_audio_video:SanDisk Ultra® microSDXC™ UHS-I Card, 64GB, 140MB/s R, 10 Y Warranty, for Smartphones"
"Sounce Adjustable Air Vent Mobile Phone Holder for Car with 360° Rotational, Quick Release Button, Compatible with All Sma...",electronics_audio_video,3.8,267,299.0,"electronics_audio_video:Sounce Adjustable Air Vent Mobile Phone Holder for Car with 360° Rotational, Quick Release Button, Compatible with All Sma..."
TheGiftKart Back Cover Soft Case for Samsung Galaxy A14 5G | Best Camera Protection | Inbuilt Dust Plugs & Anti-Slip Grip...,electronics_audio_video,5.0,3,269.0,electronics_audio_video:TheGiftKart Back Cover Soft Case for Samsung Galaxy A14 5G | Best Camera Protection | Inbuilt Dust Plugs & Anti-Slip Grip...
Oraimo 18W USB & Type-C Dual Output Super Fast Charger Wall Adapter PE2.0&Quick Charge 3.0 & Power Delivery 3.0 Fast Charg...,electronics_audio_video,4.0,15095,599.0,electronics_audio_video:Oraimo 18W USB & Type-C Dual Output Super Fast Charger Wall Adapter PE2.0&Quick Charge 3.0 & Power Delivery 3.0 Fast Charg...
"SIDRUM D2 DSLR/SLR Camera Shoulder Bag Case with Adjustable Shoulder Strap, Compatible for Nikon, Canon, Sony Mirrorless C...",electronics_audio_video,4.3,179,664.0,"electronics_audio_video:SIDRUM D2 DSLR/SLR Camera Shoulder Bag Case with Adjustable Shoulder Strap, Compatible for Nikon, Canon, Sony Mirrorless C..."
Canon CL-57 Ink Cartridge (Color),electronics_audio_video,4.2,9454,1197.0,electronics_audio_video:Canon CL-57 Ink Cartridge (Color)
OpenTech® Tempered Glass Screen Protector Compatible for Fossil Gen 6 (Pack of 2) with Easy Installation kit,electronics_audio_video,4.3,116,299.0,electronics_audio_video:OpenTech® Tempered Glass Screen Protector Compatible for Fossil Gen 6 (Pack of 2) with Easy Installation kit
Dell 40Whr 14.8V 4 Cell Battery for M5Y1K 453-BBBR HD4J0 GR437 W6D4J 451-BBUD,electronics_audio_video,4.0,409,2199.0,electronics_audio_video:Dell 40Whr 14.8V 4 Cell Battery for M5Y1K 453-BBBR HD4J0 GR437 W6D4J 451-BBUD
"Fast Charger Compatible for Vivo V9, Y21L,V7, Y6,V11 Pro, V17,V17 Pro,Y17,U10,Vivo V 5 Plus, V5S, Y31 / Y51 / Y53 / Y55 vi...",electronics_audio_video,5.0,2,349.0,"electronics_audio_video:Fast Charger Compatible for Vivo V9, Y21L,V7, Y6,V11 Pro, V17,V17 Pro,Y17,U10,Vivo V 5 Plus, V5S, Y31 / Y51 / Y53 / Y55 vi..."
"Inefable® Earphone Headphone Case Pouch Cover Carrying Case for Earphones , Headset , Pen Drives , SD Cards , All Mobile A...",electronics_audio_video,4.1,196,99.0,"electronics_audio_video:Inefable® Earphone Headphone Case Pouch Cover Carrying Case for Earphones , Headset , Pen Drives , SD Cards , All Mobile A..."
"JBL Tune 700BT by Harman, 27-Hours Playtime with Quick Charging, Wireless Over Ear Headphones with Mic, Dual Pairing, AUX...",electronics_audio_video,3.9,2853,3699.0,"electronics_audio_video:JBL Tune 700BT by Harman, 27-Hours Playtime with Quick Charging, Wireless Over Ear Headphones with Mic, Dual Pairing, AUX..."
"Humble Stainless Steel 19mm Chain Strap with Magnetic Buckle Compatible with Noise Colorfit Pro 2 , Boat Storm Smart Watch...",electronics_audio_video,3.9,730,349.0,"electronics_audio_video:Humble Stainless Steel 19mm Chain Strap with Magnetic Buckle Compatible with Noise Colorfit Pro 2 , Boat Storm Smart Watch..."
Pack of 2 TP4056 Micro USB Lithium Battery Charging Converter with Overcharge Discharge Over-Current Protection Charging B...,electronics_audio_video,4.1,99,95.0,electronics_audio_video:Pack of 2 TP4056 Micro USB Lithium Battery Charging Converter with Overcharge Discharge Over-Current Protection Charging B...
2022 New Cleaner Kit for Keyboard Soft Brush 5 in 1 Multifunction Computer Cleaning Tools Kit with Keycap Puller (Red),electronics_audio_video,3.9,37,95.0,electronics_audio_video:2022 New Cleaner Kit for Keyboard Soft Brush 5 in 1 Multifunction Computer Cleaning Tools Kit with Keycap Puller (Red)
"ESR Clear Case Compatible with iPhone 13 Case, Shockproof Thin Silicone Cover, Yellowing-Resistant Slim Transparent TPU Ph...",electronics_audio_video,4.4,112,474.0,"electronics_audio_video:ESR Clear Case Compatible with iPhone 13 Case, Shockproof Thin Silicone Cover, Yellowing-Resistant Slim Transparent TPU Ph..."
"boAt Stone 170 5W Bluetooth Speaker with Upto 6 Hours Playback, TWS Feature, IPX6, Multifunction Buttons and SD Card Slot(...",electronics_audio_video,4.3,40189,1299.0,"electronics_audio_video:boAt Stone 170 5W Bluetooth Speaker with Upto 6 Hours Playback, TWS Feature, IPX6, Multifunction Buttons and SD Card Slot(..."
"DIZO Buds P with Fast Charge, 40HPlaytime & 13mm Driver (by realme TechLife) Bluetooth Headset  (Dynamo Black, True Wireless)",electronics_audio_video,1.5,2,1299.0,"electronics_audio_video:DIZO Buds P with Fast Charge, 40HPlaytime & 13mm Driver (by realme TechLife) Bluetooth Headset  (Dynamo Black, True Wireless)"
Zitel® Charger Compatible with Samsung Galaxy Watch 4 / Watch 4 Classic - Replacement USB Charging Cable 100cm - Black,electronics_audio_video,3.8,564,799.0,electronics_audio_video:Zitel® Charger Compatible with Samsung Galaxy Watch 4 / Watch 4 Classic - Replacement USB Charging Cable 100cm - Black
iTronix Replacement USB Charging Cable for Noise ColorFit Pro 4 / Pro 4 Max / Pro 3 / ColorFit Pulse / Pulse Grand / Pulse...,electronics_audio_video,4.2,519,259.0,electronics_audio_video:iTronix Replacement USB Charging Cable for Noise ColorFit Pro 4 / Pro 4 Max / Pro 3 / ColorFit Pulse / Pulse Grand / Pulse...
"OUXUS New Version-Car Phone Holder Mount, Rearview Mirror Phone Holder for Car, 360°Rotatable and Retractable Car Phone Ho...",electronics_audio_video,1.0,2,179.0,"electronics_audio_video:OUXUS New Version-Car Phone Holder Mount, Rearview Mirror Phone Holder for Car, 360°Rotatable and Retractable Car Phone Ho..."
Paperkraft Beethoven- Blue Ceramic Roller Ball Pen (Pack of 1) | Classy Chrome & Gold tone finish|Premium Gifting Product...,electronics_audio_video,4.0,1701,212.0,electronics_audio_video:Paperkraft Beethoven- Blue Ceramic Roller Ball Pen (Pack of 1) | Classy Chrome & Gold tone finish|Premium Gifting Product...
Spigen Thin Fit Back Cover Case for Samsung Galaxy S23 Ultra (Poly Carbonate + TPU | Black),electronics_audio_video,4.4,177,2299.0,electronics_audio_video:Spigen Thin Fit Back Cover Case for Samsung Galaxy S23 Ultra (Poly Carbonate + TPU | Black)
ERH India Dc to Ac Dual USB Converter 12v to 220v AC Dual USB Converter Inverter Dc to Ac Dual USB Converter 12v Mini Car ...,electronics_audio_video,3.3,9,469.0,electronics_audio_video:ERH India Dc to Ac Dual USB Converter 12v to 220v AC Dual USB Converter Inverter Dc to Ac Dual USB Converter 12v Mini Car ...
TheGiftKart Shockproof Crystal Clear Back Cover Case for Samsung Galaxy A31 | 360 Degree Protection | Protective Design | ...,electronics_audio_video,4.2,140,269.0,electronics_audio_video:TheGiftKart Shockproof Crystal Clear Back Cover Case for Samsung Galaxy A31 | 360 Degree Protection | Protective Design | ...
"SanDisk 500GB Extreme Portable SSD 1050MB/s R, 1000MB/s W,Upto 2 Meter Drop Protection with IP55 Water/dust Resistance, HW...",electronics_audio_video,4.4,45569,7299.0,"electronics_audio_video:SanDisk 500GB Extreme Portable SSD 1050MB/s R, 1000MB/s W,Upto 2 Meter Drop Protection with IP55 Water/dust Resistance, HW..."
TheGiftKart Shockproof Crystal Clear Back Cover Case for Vivo V27 / V27 PRO 5G | 360 Degree Protection | Protective Design...,electronics_audio_video,5.0,1,199.0,electronics_audio_video:TheGiftKart Shockproof Crystal Clear Back Cover Case for Vivo V27 / V27 PRO 5G | 360 Degree Protection | Protective Design...
"Boult Audio Truebuds Truly Wireless in Ear Earbuds with 32H Battery Life, Type-C Fast Charging, IPX7 Waterproof, Made in I...",electronics_audio_video,3.6,40367,1199.0,"electronics_audio_video:Boult Audio Truebuds Truly Wireless in Ear Earbuds with 32H Battery Life, Type-C Fast Charging, IPX7 Waterproof, Made in I..."
OpenTech® Tempered Glass Screen Protector Compatible for Samsung Galaxy S21 5G with Edge to Edge Coverage and Easy Install...,electronics_audio_video,3.9,8201,299.0,electronics_audio_video:OpenTech® Tempered Glass Screen Protector Compatible for Samsung Galaxy S21 5G with Edge to Edge Coverage and Easy Install...
Amozo Designed for iPhone 14 Pro Max Cover | Ultra Hybrid Drop and Camera Protection Back Cover Case for iPhone 14 PRO MAX...,electronics_audio_video,4.1,194,284.0,electronics_audio_video:Amozo Designed for iPhone 14 Pro Max Cover | Ultra Hybrid Drop and Camera Protection Back Cover Case for iPhone 14 PRO MAX...
Eveready Red 1012 AAA Batteries - Pack of 10,electronics_audio_video,4.3,1129,108.0,electronics_audio_video:Eveready Red 1012 AAA Batteries - Pack of 10
TheGiftKart Shockproof Crystal Clear Back Cover Case for Samsung Galaxy A31 | 360 Degree Protection | Protective Design | ...,electronics_audio_video,4.2,140,269.0,electronics_audio_video:TheGiftKart Shockproof Crystal Clear Back Cover Case for Samsung Galaxy A31 | 360 Degree Protection | Protective Design | ...
"Samsung Galaxy M04 Light Green, 4GB RAM, 64GB Storage | Upto 8GB RAM with RAM Plus | MediaTek Helio P35 | 5000 mAh Battery",electronics_audio_video,4.0,1754,8499.0,"electronics_audio_video:Samsung Galaxy M04 Light Green, 4GB RAM, 64GB Storage | Upto 8GB RAM with RAM Plus | MediaTek Helio P35 | 5000 mAh Battery"
Amazon Brand - Solimo Back Cover Case for Motorola One Power | Compatible for Motorola One Power Back Cover Case | 360 Deg...,electronics_audio_video,4.2,345,139.0,electronics_audio_video:Amazon Brand - Solimo Back Cover Case for Motorola One Power | Compatible for Motorola One Power Back Cover Case | 360 Deg...
"AmazonBasics RJ45 Cat 7 High-Speed Gigabit Ethernet Patch Internet Cable for Printer, Server - 10Gbps, 600MHz - White, 10-...",electronics_audio_video,4.4,3492,279.0,"electronics_audio_video:AmazonBasics RJ45 Cat 7 High-Speed Gigabit Ethernet Patch Internet Cable for Printer, Server - 10Gbps, 600MHz - White, 10-..."
"ZEBRONICS Zeb- Haze 2.4GHz Wireless Mouse with up to 1200 DPI, Power Saving Mode, Nano Receiver and Plug & Play Usage - Grey",electronics_audio_video,5.0,1,299.0,"electronics_audio_video:ZEBRONICS Zeb- Haze 2.4GHz Wireless Mouse with up to 1200 DPI, Power Saving Mode, Nano Receiver and Plug & Play Usage - Grey"
Brother HL-L2351DW Monochrome Laser Printer with Auto Duplex & Wi-Fi Printing,electronics_audio_video,4.4,324,11899.0,electronics_audio_video:Brother HL-L2351DW Monochrome Laser Printer with Auto Duplex & Wi-Fi Printing
eller santé® 15W Wireless Charger MONTCLAD SERIES Fast charging pad| PD & Qi-Certified with Type C Cable Fireproof ABS for...,electronics_audio_video,4.1,1214,899.0,electronics_audio_video:eller santé® 15W Wireless Charger MONTCLAD SERIES Fast charging pad| PD & Qi-Certified with Type C Cable Fireproof ABS for...
HARRY & JAMES® 950 Mbps USB WiFi Adapter Wireless Network Receiver Dongle for Laptop Desktop Support Windows XP/7/8/10/ an...,electronics_audio_video,5.0,6,149.0,electronics_audio_video:HARRY & JAMES® 950 Mbps USB WiFi Adapter Wireless Network Receiver Dongle for Laptop Desktop Support Windows XP/7/8/10/ an...
"ProElite Smart Trifold Flip Case Cover for Apple iPad 10.2"" 9th Gen (2021) 8th Gen/7th Gen with Pencil Holder, Soft Flexib...",electronics_audio_video,4.3,829,999.0,"electronics_audio_video:ProElite Smart Trifold Flip Case Cover for Apple iPad 10.2"" 9th Gen (2021) 8th Gen/7th Gen with Pencil Holder, Soft Flexib..."
New Fastrack Reflex Beat+ 1.69” UltraVU Display|500 Nits Brightness|60 Sports Modes|24*7 Heart Rate Monitor|SpO2 Monitor|S...,electronics_audio_video,4.0,587,1695.0,electronics_audio_video:New Fastrack Reflex Beat+ 1.69” UltraVU Display|500 Nits Brightness|60 Sports Modes|24*7 Heart Rate Monitor|SpO2 Monitor|S...
TheGiftKart Back Cover Case for Samsung Galaxy M31s (Shockproof | Crystal Clear | Hybrid TPU & PC | Transparent Back | Bla...,electronics_audio_video,4.1,1283,259.0,electronics_audio_video:TheGiftKart Back Cover Case for Samsung Galaxy M31s (Shockproof | Crystal Clear | Hybrid TPU & PC | Transparent Back | Bla...
"Uni Posca Paint Marker Pen, Medium Point, Set of 7 Natural Color (PC-5M 7C)",electronics_audio_video,4.7,4715,1795.0,"electronics_audio_video:Uni Posca Paint Marker Pen, Medium Point, Set of 7 Natural Color (PC-5M 7C)"
"Smart Watch for men women boys 1.3"" OLED HD Display, Multiple watch Faces, SpO2 Monitoring, Sleep Monitor for Boys, Girls,...",electronics_audio_video,4.6,16,399.0,"electronics_audio_video:Smart Watch for men women boys 1.3"" OLED HD Display, Multiple watch Faces, SpO2 Monitoring, Sleep Monitor for Boys, Girls,..."
Cello ColourUp Celebration Kit Gift Pack |12 Wax Crayons Colour Set | 12 Oil Pastels | 15 Mini Sketch Pens | Kids Drawing ...,electronics_audio_video,4.4,13823,133.0,electronics_audio_video:Cello ColourUp Celebration Kit Gift Pack |12 Wax Crayons Colour Set | 12 Oil Pastels | 15 Mini Sketch Pens | Kids Drawing ...
"coconut WM22 Gold Wireless Gaming Mouse, 500 mAh Rechargeable Battery with 7 Color RGB LED Lighting,7 Buttons with Fire Ke...",electronics_audio_video,4.0,4879,798.0,"electronics_audio_video:coconut WM22 Gold Wireless Gaming Mouse, 500 mAh Rechargeable Battery with 7 Color RGB LED Lighting,7 Buttons with Fire Ke..."
House of Quirk Electronic Bag Travel Cable Accessories Bag Double Layer Electronics Organizer Portable Storage Case for Ca...,electronics_audio_video,4.3,6730,599.0,electronics_audio_video:House of Quirk Electronic Bag Travel Cable Accessories Bag Double Layer Electronics Organizer Portable Storage Case for Ca...
TheGiftKart Tough Armor Bumper Back Case Cover for Vivo V27 / V27 PRO 5G | Ring Holder & Kickstand in-Built | 360 Degree P...,electronics_audio_video,5.0,4,349.0,electronics_audio_video:TheGiftKart Tough Armor Bumper Back Case Cover for Vivo V27 / V27 PRO 5G | Ring Holder & Kickstand in-Built | 360 Degree P...
Elzzi Microfiber Logo Cut Cover Compatible for iPhone 13 Case Cushion Liquid Soft Silicone Gel Rubber Phone Non-Slip Full ...,electronics_audio_video,4.0,713,449.0,electronics_audio_video:Elzzi Microfiber Logo Cut Cover Compatible for iPhone 13 Case Cushion Liquid Soft Silicone Gel Rubber Phone Non-Slip Full ...
"Dell USB Wireless Keyboard and Mouse Set- KM3322W, Anti-Fade & Spill-Resistant Keys, up to 36 Month Battery Life, 3Y Advan...",electronics_audio_video,4.2,34720,1299.0,"electronics_audio_video:Dell USB Wireless Keyboard and Mouse Set- KM3322W, Anti-Fade & Spill-Resistant Keys, up to 36 Month Battery Life, 3Y Advan..."
"Lint Remover for Clothes Fabric Shaver Lint Shaver for Woolen Clothes Blanket Jackets Stainless Steel Blades, Clothes and ...",home_kitchen,4.2,853,399.0,"home_kitchen:Lint Remover for Clothes Fabric Shaver Lint Shaver for Woolen Clothes Blanket Jackets Stainless Steel Blades, Clothes and ..."
"Cello Non Stick Induction Base Frying Pan/Tapper Pan, 220 mm, Cherry,Aluminium",home_kitchen,3.8,868,443.0,"home_kitchen:Cello Non Stick Induction Base Frying Pan/Tapper Pan, 220 mm, Cherry,Aluminium"
atomberg Ikano 1200mm BLDC Motor 5 Star Rated Ceiling Fans for Home with Remote Control | Upto 65% Energy Saving High Spee...,home_kitchen,4.1,545,3120.0,home_kitchen:atomberg Ikano 1200mm BLDC Motor 5 Star Rated Ceiling Fans for Home with Remote Control | Upto 65% Energy Saving High Spee...
Staedtler 137 C 48 Luna Water Colour Pencil - Pack of 48 (Multicolour),home_kitchen,4.5,2569,1600.0,home_kitchen:Staedtler 137 C 48 Luna Water Colour Pencil - Pack of 48 (Multicolour)
MENORAH - Artist Sketch Book - A4-180 GSM (100 Pages / 50 Sheets) Drawing Notebook - Hard Bound Book - (29.7 cm x 21 cm) -...,home_kitchen,4.6,2656,599.0,home_kitchen:MENORAH - Artist Sketch Book - A4-180 GSM (100 Pages / 50 Sheets) Drawing Notebook - Hard Bound Book - (29.7 cm x 21 cm) -...
"amazelo cart Door Mats for Home Entrance, Welcome Mats Outside, Indoor Rubber Mat, Waterproof Bathmat Heavy Duty for Entry...",home_kitchen,4.2,885,429.0,"home_kitchen:amazelo cart Door Mats for Home Entrance, Welcome Mats Outside, Indoor Rubber Mat, Waterproof Bathmat Heavy Duty for Entry..."
"Treo by Milton All Fresh Borosilicate Glass Tiffin, 400 ml, Set of 3, Transparent",home_kitchen,4.5,1470,1098.0,"home_kitchen:Treo by Milton All Fresh Borosilicate Glass Tiffin, 400 ml, Set of 3, Transparent"
"Elica 60 cm 1200 m3/hr Filterless Auto Clean Chimney with 15 Years Warranty (WDFL 606 HAC LTW MS NERO, Touch + Motion Sens...",home_kitchen,4.5,9688,12999.0,"home_kitchen:Elica 60 cm 1200 m3/hr Filterless Auto Clean Chimney with 15 Years Warranty (WDFL 606 HAC LTW MS NERO, Touch + Motion Sens..."
Flexible Duster For Fan Cleaning Mop With Long Rod | Fan Cleaner Brush With Long Rod | Spider Web Cleaner Stick | Fan Clea...,home_kitchen,4.8,15275,498.0,home_kitchen:Flexible Duster For Fan Cleaning Mop With Long Rod | Fan Cleaner Brush With Long Rod | Spider Web Cleaner Stick | Fan Clea...
Kuber Industries Wooden Simple Numerical Round Shaped Wall Clock for Home Décor Size 25 x 25 CM (Brown),home_kitchen,2.7,1977,348.0,home_kitchen:Kuber Industries Wooden Simple Numerical Round Shaped Wall Clock for Home Décor Size 25 x 25 CM (Brown)
"PRAMUKH FASHION 1000 ml Glass Jar with Air Tight Black-Lid for Kitchen Dried Masla Storage Jar,Honey Jar,Jar and Containe...",home_kitchen,4.3,499,598.0,"home_kitchen:PRAMUKH FASHION 1000 ml Glass Jar with Air Tight Black-Lid for Kitchen Dried Masla Storage Jar,Honey Jar,Jar and Containe..."
"House of Quirk Insulated Reusable Nylon Lunch Bag Tote Bag for Women, Printed Lunch Bag for School, Picnic, Office, Outdoo...",home_kitchen,4.3,896,474.0,"home_kitchen:House of Quirk Insulated Reusable Nylon Lunch Bag Tote Bag for Women, Printed Lunch Bag for School, Picnic, Office, Outdoo..."
SAF Set of 4 Work Hard Beat Talent Motivational UV Coated Home Decorative Gift Item Framed Painting 19 inch X 19 inch SAF_...,home_kitchen,4.3,1211,269.0,home_kitchen:SAF Set of 4 Work Hard Beat Talent Motivational UV Coated Home Decorative Gift Item Framed Painting 19 inch X 19 inch SAF_...
TiedRibbons® Cycle Shape Flower Vase with Peonies Bunches,home_kitchen,4.1,5121,494.0,home_kitchen:TiedRibbons® Cycle Shape Flower Vase with Peonies Bunches
"Pidilite T16 Roff Cera Clean Professional Tile, Floor and Ceramic Cleaner, Multisurface Floor and Tile Cleaner, Removes St...",home_kitchen,3.9,2834,139.0,"home_kitchen:Pidilite T16 Roff Cera Clean Professional Tile, Floor and Ceramic Cleaner, Multisurface Floor and Tile Cleaner, Removes St..."
CENTRA'L'IT Crystal Votives Bowl Candle Holders Tealight Candle Centerpieces for Wedding Home Party Table Decoration (Gold...,home_kitchen,4.6,16,299.0,home_kitchen:CENTRA'L'IT Crystal Votives Bowl Candle Holders Tealight Candle Centerpieces for Wedding Home Party Table Decoration (Gold...
"Kuber Industries 12 Piece Non Woven Travel Shoe Cover, String Bag Organizer, Black - CTLTC039515",home_kitchen,4.5,324,281.2,"home_kitchen:Kuber Industries 12 Piece Non Woven Travel Shoe Cover, String Bag Organizer, Black - CTLTC039515"
"SUJATA Powermatic Plus, Juicer Mixer Grinder, 900 Watts, 2 Jars (White)",home_kitchen,4.4,2849,5925.0,"home_kitchen:SUJATA Powermatic Plus, Juicer Mixer Grinder, 900 Watts, 2 Jars (White)"
"PrettyKrafts F1246 Canvas Laundry Bag, Toy Storage, Laundry Storage (45 L) (Set of 2 Pieces)- Black Wave",home_kitchen,4.1,13231,320.0,"home_kitchen:PrettyKrafts F1246 Canvas Laundry Bag, Toy Storage, Laundry Storage (45 L) (Set of 2 Pieces)- Black Wave"
Finish Dishwasher Salt - 2Kg | Softens hard water | Recommended by Most Dishwasher Brands,home_kitchen,4.5,10085,349.0,home_kitchen:Finish Dishwasher Salt - 2Kg | Softens hard water | Recommended by Most Dishwasher Brands
KENT Ultra Storage UV Water Purifier (11042) | UV+UF Water Purification | Wall Mountable | 8L Storage | 60 L/hr Output | W...,home_kitchen,4.0,3371,7989.0,home_kitchen:KENT Ultra Storage UV Water Purifier (11042) | UV+UF Water Purification | Wall Mountable | 8L Storage | 60 L/hr Output | W...
"HYLOL Portable and Reusable Insulated Nylon Lunch Bags Women Work, Student Kids, Thermal Cooler Bag Picnic Organizer Stora...",home_kitchen,3.8,295,249.0,"home_kitchen:HYLOL Portable and Reusable Insulated Nylon Lunch Bags Women Work, Student Kids, Thermal Cooler Bag Picnic Organizer Stora..."
"Speedex Stainless Steel Water Bottle 500 ML Water Bottles For Kids, School,Gym,Home,office,Boys, Girls Leak Proof(Sipper C...",home_kitchen,4.0,18,369.0,"home_kitchen:Speedex Stainless Steel Water Bottle 500 ML Water Bottles For Kids, School,Gym,Home,office,Boys, Girls Leak Proof(Sipper C..."
"Cello Checkers Plastic PET Canister Set, 18 Pieces, Clear",home_kitchen,4.4,67514,569.0,"home_kitchen:Cello Checkers Plastic PET Canister Set, 18 Pieces, Clear"
"Smart Saver Reusable Vacuum Storage Bags Ziplock Space for Travel with hand pump, Plastic bags clothes blanket cover bag t...",home_kitchen,4.2,805,1349.0,"home_kitchen:Smart Saver Reusable Vacuum Storage Bags Ziplock Space for Travel with hand pump, Plastic bags clothes blanket cover bag t..."
"Global Mall Flexible Silicone Shape Honeycomb 37 Cavity Ice Cube Mould Tray for Freezer, Chocolate Cake Maker, Ice Trays f...",home_kitchen,3.7,6,99.0,"home_kitchen:Global Mall Flexible Silicone Shape Honeycomb 37 Cavity Ice Cube Mould Tray for Freezer, Chocolate Cake Maker, Ice Trays f..."
"CAZOO Bed Sheet Tucker Tool - Durable Bed Maker Tool Handy Bed Sheet Tightener for Hotel, Bedsheet Change Helper, Tuck She...",home_kitchen,4.5,16,199.0,"home_kitchen:CAZOO Bed Sheet Tucker Tool - Durable Bed Maker Tool Handy Bed Sheet Tightener for Hotel, Bedsheet Change Helper, Tuck She..."
"LG 8 Kg 5 Star Inverter Fully-Automatic Top Loading Washing Machine (T80SJMB1Z, Middle Black, Jet Spray+)",home_kitchen,4.4,545,23850.0,"home_kitchen:LG 8 Kg 5 Star Inverter Fully-Automatic Top Loading Washing Machine (T80SJMB1Z, Middle Black, Jet Spray+)"
"Whirlpool 245 L 3 Star Frost-Free Inverter Double Door Refrigerator (NEO DF258 ROY GERMAN STEEL (3S-N, German Steel, 2022 ...",home_kitchen,4.2,1045,23490.0,"home_kitchen:Whirlpool 245 L 3 Star Frost-Free Inverter Double Door Refrigerator (NEO DF258 ROY GERMAN STEEL (3S-N, German Steel, 2022 ..."
"Gemini Big Bullet Jar for Mixer Grinder (530 ML) with Gym Sipper Cap ABS Transparent Plastic Mixer Juicer Jar, Black",home_kitchen,4.1,4,340.0,"home_kitchen:Gemini Big Bullet Jar for Mixer Grinder (530 ML) with Gym Sipper Cap ABS Transparent Plastic Mixer Juicer Jar, Black"
Faber-Castell Jumbo Wax Crayons - 24 Shades,home_kitchen,4.3,2238,100.0,home_kitchen:Faber-Castell Jumbo Wax Crayons - 24 Shades
"ZSIGNS 46PCS 1/4 inch Drive Socket Set,Metric Ratchet Wrench Set with 4-14mm CR-V Sockets,S2 Bits,Extension Bars,Mechanic ...",home_kitchen,4.3,965,728.0,"home_kitchen:ZSIGNS 46PCS 1/4 inch Drive Socket Set,Metric Ratchet Wrench Set with 4-14mm CR-V Sockets,S2 Bits,Extension Bars,Mechanic ..."
"Voltas 1.4 Ton 3 Star Inverter Split AC(Copper, Adjustable Cooling, Anti-dust Filter, 2023 Model, 173V Vectra Platina, White)",home_kitchen,4.1,1666,31990.0,"home_kitchen:Voltas 1.4 Ton 3 Star Inverter Split AC(Copper, Adjustable Cooling, Anti-dust Filter, 2023 Model, 173V Vectra Platina, White)"
MACCA Brand - XXXL Clasic Bean Bag Filled with Beans Ready to Use (Faux Leather) (Navy Blue),home_kitchen,4.1,5,1595.0,home_kitchen:MACCA Brand - XXXL Clasic Bean Bag Filled with Beans Ready to Use (Faux Leather) (Navy Blue)
"ADA Wrought Iron Coat Rack Hanger Creative Fashion Bedroom for Hanging Clothes Shelves, Wrought Iron Racks Standing Coat R...",home_kitchen,3.8,1311,849.0,"home_kitchen:ADA Wrought Iron Coat Rack Hanger Creative Fashion Bedroom for Hanging Clothes Shelves, Wrought Iron Racks Standing Coat R..."
Godrej Nav-tal Ultra XL+ 3 Ton Brass Finish Padlock with 4 Common Keys (Pack of 2),home_kitchen,4.5,271,1424.0,home_kitchen:Godrej Nav-tal Ultra XL+ 3 Ton Brass Finish Padlock with 4 Common Keys (Pack of 2)
P.erforma 50 Strip,home_kitchen,4.7,4,730.0,home_kitchen:P.erforma 50 Strip
"RYLAN Mandoline Chopper for Kitchen Vegetable Cutter for Kitchen Slicer Stainless Steel Vegetable Chopper, Onion Cutter wi...",home_kitchen,4.5,157,711.0,"home_kitchen:RYLAN Mandoline Chopper for Kitchen Vegetable Cutter for Kitchen Slicer Stainless Steel Vegetable Chopper, Onion Cutter wi..."
"RYLAN Mandoline Chopper for Kitchen Vegetable Cutter for Kitchen Slicer Stainless Steel Vegetable Chopper, Onion Cutter wi...",home_kitchen,4.5,157,711.0,"home_kitchen:RYLAN Mandoline Chopper for Kitchen Vegetable Cutter for Kitchen Slicer Stainless Steel Vegetable Chopper, Onion Cutter wi..."
Bulfyss 36 Grid Cells Plastic Multipurpose Jewelry Organizer Storage Box - Transparent,home_kitchen,4.3,1193,299.0,home_kitchen:Bulfyss 36 Grid Cells Plastic Multipurpose Jewelry Organizer Storage Box - Transparent
"Generic JMD Long Combination Spanner/Wrench Set Tools kit/12 Piece Tools kit for Home use - Professional Spanners , Open End",home_kitchen,3.0,132,339.0,"home_kitchen:Generic JMD Long Combination Spanner/Wrench Set Tools kit/12 Piece Tools kit for Home use - Professional Spanners , Open End"
"Inditradition Drawer Organizer, Dividers, Closet Storage Box | Multi-Purpose, ABS Plastic, Multi-Color (Pack of 4)",home_kitchen,4.0,773,299.0,"home_kitchen:Inditradition Drawer Organizer, Dividers, Closet Storage Box | Multi-Purpose, ABS Plastic, Multi-Color (Pack of 4)"
Kuber Industries Storage Box|Toy Box Storage For Kids|Foldable Storage Box|Closet Organizer Box with Handle|Metalic Lahriy...,home_kitchen,3.9,2334,399.0,home_kitchen:Kuber Industries Storage Box|Toy Box Storage For Kids|Foldable Storage Box|Closet Organizer Box with Handle|Metalic Lahriy...
Plantex Bathroom Accessories-Stainless Steel 304 Grade Folding Towel Rack/Towel Hanger/Bathroom Organizer(24 Inch-Chrome),home_kitchen,4.0,570,1399.0,home_kitchen:Plantex Bathroom Accessories-Stainless Steel 304 Grade Folding Towel Rack/Towel Hanger/Bathroom Organizer(24 Inch-Chrome)
"GaxQuly Single Sided Home Tile Sticker Mildewproof Gap sealing tape waterproof, gold tiles tape for floor tile wall décor,...",home_kitchen,3.6,263,325.0,"home_kitchen:GaxQuly Single Sided Home Tile Sticker Mildewproof Gap sealing tape waterproof, gold tiles tape for floor tile wall décor,..."
"Acko 1 Year Extended Warranty for ACs from Rs-30,000 to Rs-40,000 (Email Delivery)",home_kitchen,4.1,316,1349.0,"home_kitchen:Acko 1 Year Extended Warranty for ACs from Rs-30,000 to Rs-40,000 (Email Delivery)"
Cri8Hub Stainless Steel Kitchens Large Size Cup Stand Steel V Shape Cup Stand Pieces Coffee Cup Holder with 12 Hooks for C...,home_kitchen,4.1,482,225.0,home_kitchen:Cri8Hub Stainless Steel Kitchens Large Size Cup Stand Steel V Shape Cup Stand Pieces Coffee Cup Holder with 12 Hooks for C...
"AGARO Grand 17Pcs Kitchen Knife Set with Acrylic Stand, High Carbon Stainless Steel, Professional Chef Knife Set for Kitch...",home_kitchen,4.6,540,2699.0,"home_kitchen:AGARO Grand 17Pcs Kitchen Knife Set with Acrylic Stand, High Carbon Stainless Steel, Professional Chef Knife Set for Kitch..."
"PS SHEVIN Roti Flat Iron Tawa Wider Base Cast (Stainless Steel Handle) Roti Tava, Induction Base Tawa 10 Inch for Roti Par...",home_kitchen,3.1,20,299.0,"home_kitchen:PS SHEVIN Roti Flat Iron Tawa Wider Base Cast (Stainless Steel Handle) Roti Tava, Induction Base Tawa 10 Inch for Roti Par..."
"UN1QUE X1 Mini Fan Portable Hand Fan with Powerful Brushless Motor - Small, Lightweight,3 Speeds,USB Rechargeable for Indo...",home_kitchen,3.7,11,699.0,"home_kitchen:UN1QUE X1 Mini Fan Portable Hand Fan with Powerful Brushless Motor - Small, Lightweight,3 Speeds,USB Rechargeable for Indo..."
